{
  "start": "2023-11-18",
  "end": null,
  "interval": "1d",
  "equity_tickers": {
    "^GSPC": "sp500_index",
    "^IXIC": "nasdaq_composite",
    "^DJI": "dow_jones_index",
    "XLF": "financials_etf",
    "XLK": "technology_etf",
    "XLY": "consumer_discretionary_etf",
    "XLP": "consumer_staples_etf",
    "XLI": "industrial_etf",
    "XLE": "energy_etf",
    "XLU": "utilities_etf"
  },
  "rate_tickers": {
    "ZQ=F": "fed_funds_futures",
    "^IRX": "3m_treasury_bill",
    "^FVX": "5y_treasury_yield",
    "^TNX": "10y_treasury_yield",
    "^TYX": "30y_treasury_yield"
  },
  "vix_tickers": {
    "^VIX": "cboe_volatility_index",
    "^VVIX": "cboe_vvix_index"
  }
}